Variation; Generation; Genome; Parent; Score
0.001;0;0; -1; 0.5230294
0.001;0;1; -1; 1.467115
0.001;0;2; -1; 0.02917656
0.001;0;3; -1; 2.796616
0.001;0;4; -1; -8.588367
0.001;0;5; -1; -1.208038
0.001;0;6; -1; 4.282251
0.001;0;7; -1; -0.9144722
0.001;0;8; -1; -0.3025635
0.001;0;9; -1; 2.568413
0.001;1;10; 0; 0.5896074
0.001;1;11; 1; 0.7144547
0.001;1;12; 9; 3.715554
0.001;1;13; 3; 4.86047
0.001;1;14; 6; -20.54515
0.001;1;0; -1; 0.5230294
0.001;1;1; -1; 1.467115
0.001;1;9; -1; 2.568413
0.001;1;3; -1; 2.796616
0.001;1;6; -1; 4.282251
0.001;2;15; 9; 2.895633
0.001;2;16; 3; 2.931713
0.001;2;17; 12; 2.790663
0.001;2;18; 6; 3.454286
0.001;2;19; 13; 4.674761
0.001;2;9; -1; 2.568413
0.001;2;3; -1; 2.796616
0.001;2;12; 9; 3.715554
0.001;2;6; -1; 4.282251
0.001;2;13; 3; 4.86047
0.001;3;20; 18; 3.086698
0.001;3;21; 12; 2.922915
0.001;3;22; 6; 1.457645
0.001;3;23; 19; 3.462845
0.001;3;24; 13; 4.633002
0.001;3;18; 6; 3.454286
0.001;3;12; 9; 3.715554
0.001;3;6; -1; 4.282251
0.001;3;19; 13; 4.674761
0.001;3;13; 3; 4.86047
0.001;4;25; 12; 3.009295
0.001;4;26; 6; 2.004261
0.001;4;27; 24; 3.930809
0.001;4;28; 19; 4.893177
0.001;4;29; 13; 2.348924
0.001;4;12; 9; 3.715554
0.001;4;6; -1; 4.282251
0.001;4;24; 13; 4.633002
0.001;4;19; 13; 4.674761
0.001;4;13; 3; 4.86047
0.001;5;30; 6; -3.526987
0.001;5;31; 24; 2.003336
0.001;5;32; 19; 2.682937
0.001;5;33; 13; 4.708961
0.001;5;34; 28; 5.441843
0.001;5;6; -1; 4.282251
0.001;5;24; 13; 4.633002
0.001;5;19; 13; 4.674761
0.001;5;13; 3; 4.86047
0.001;5;28; 19; 4.893177
0.001;6;35; 19; 2.265101
0.001;6;36; 33; 4.667206
0.001;6;37; 13; 6.347192
0.001;6;38; 28; 1.260188
0.001;6;39; 34; 0.2365651
0.001;6;19; 13; 4.674761
0.001;6;33; 13; 4.708961
0.001;6;13; 3; 4.86047
0.001;6;28; 19; 4.893177
0.001;6;34; 28; 5.441843
0.001;7;40; 33; 1.234289
0.001;7;41; 13; 4.865977
0.001;7;42; 28; 2.442022
0.001;7;43; 34; 3.707422
0.001;7;44; 37; 2.660637
0.001;7;33; 13; 4.708961
0.001;7;13; 3; 4.86047
0.001;7;28; 19; 4.893177
0.001;7;34; 28; 5.441843
0.001;7;37; 13; 6.347192
0.001;8;45; 13; 4.189588
0.001;8;46; 41; 5.998432
0.001;8;47; 28; 7.002844
0.001;8;48; 34; 1.783076
0.001;8;49; 37; 6.881807
0.001;8;13; 3; 4.86047
0.001;8;41; 13; 4.865977
0.001;8;28; 19; 4.893177
0.001;8;34; 28; 5.441843
0.001;8;37; 13; 6.347192
0.001;9;50; 34; 2.024327
0.001;9;51; 46; -0.7712433
0.001;9;52; 37; 3.817078
0.001;9;53; 49; 3.563733
0.001;9;54; 47; 3.358308
0.001;9;34; 28; 5.441843
0.001;9;46; 41; 5.998432
0.001;9;37; 13; 6.347192
0.001;9;49; 37; 6.881807
0.001;9;47; 28; 7.002844
0.001;10;55; 34; 4.120066
0.001;10;56; 46; 3.896554
0.001;10;57; 37; 4.844852
0.001;10;58; 49; 6.982783
0.001;10;59; 47; 5.105197
0.001;10;34; 28; 5.441843
0.001;10;46; 41; 5.998432
0.001;10;37; 13; 6.347192
0.001;10;49; 37; 6.881807
0.001;10;47; 28; 7.002844
0.001;11;60; 46; 3.781546
0.001;11;61; 37; 3.011067
0.001;11;62; 49; 4.155333
0.001;11;63; 58; 2.438582
0.001;11;64; 47; 3.64849
0.001;11;46; 41; 5.998432
0.001;11;37; 13; 6.347192
0.001;11;49; 37; 6.881807
0.001;11;58; 49; 6.982783
0.001;11;47; 28; 7.002844
0.001;12;65; 46; 5.22488
0.001;12;66; 37; 3.759933
0.001;12;67; 49; 4.425118
0.001;12;68; 58; 1.961215
0.001;12;69; 47; 3.848001
0.001;12;46; 41; 5.998432
0.001;12;37; 13; 6.347192
0.001;12;49; 37; 6.881807
0.001;12;58; 49; 6.982783
0.001;12;47; 28; 7.002844
0.001;13;70; 46; 4.487402
0.001;13;71; 37; 5.901229
0.001;13;72; 49; 3.789122
0.001;13;73; 58; 2.941158
0.001;13;74; 47; 4.046347
0.001;13;46; 41; 5.998432
0.001;13;37; 13; 6.347192
0.001;13;49; 37; 6.881807
0.001;13;58; 49; 6.982783
0.001;13;47; 28; 7.002844
0.001;14;75; 46; 3.541717
0.001;14;76; 37; 2.470502
0.001;14;77; 49; 4.903653
0.001;14;78; 58; 4.282558
0.001;14;79; 47; 5.590688
0.001;14;46; 41; 5.998432
0.001;14;37; 13; 6.347192
0.001;14;49; 37; 6.881807
0.001;14;58; 49; 6.982783
0.001;14;47; 28; 7.002844
0.001;15;80; 46; 6.257946
0.001;15;81; 37; 2.342307
0.001;15;82; 49; 3.154593
0.001;15;83; 58; 7.825004
0.001;15;84; 47; 2.372061
0.001;15;46; 41; 5.998432
0.001;15;37; 13; 6.347192
0.001;15;49; 37; 6.881807
0.001;15;58; 49; 6.982783
0.001;15;47; 28; 7.002844
0.001;16;85; 37; 4.614408
0.001;16;86; 49; 4.316208
0.001;16;87; 58; 3.706028
0.001;16;88; 47; 1.533451
0.001;16;89; 83; 5.481098
0.001;16;37; 13; 6.347192
0.001;16;49; 37; 6.881807
0.001;16;58; 49; 6.982783
0.001;16;47; 28; 7.002844
0.001;16;83; 58; 7.825004
0.001;17;90; 37; 4.265749
0.001;17;91; 49; 5.908728
0.001;17;92; 58; 6.025817
0.001;17;93; 47; 4.002159
0.001;17;94; 83; 1.469607
0.001;17;37; 13; 6.347192
0.001;17;49; 37; 6.881807
0.001;17;58; 49; 6.982783
0.001;17;47; 28; 7.002844
0.001;17;83; 58; 7.825004
0.001;18;95; 37; 5.956357
0.001;18;96; 49; 5.396546
0.001;18;97; 58; 4.816815
0.001;18;98; 47; 3.775507
0.001;18;99; 83; 4.376188
0.001;18;37; 13; 6.347192
0.001;18;49; 37; 6.881807
0.001;18;58; 49; 6.982783
0.001;18;47; 28; 7.002844
0.001;18;83; 58; 7.825004
0.001;19;100; 37; 4.625524
0.001;19;101; 49; 1.618924
0.001;19;102; 58; 2.926777
0.001;19;103; 47; 5.353506
0.001;19;104; 83; 2.786631
0.001;19;37; 13; 6.347192
0.001;19;49; 37; 6.881807
0.001;19;58; 49; 6.982783
0.001;19;47; 28; 7.002844
0.001;19;83; 58; 7.825004
0.001;20;105; 37; 2.933614
0.001;20;106; 49; 3.846359
0.001;20;107; 58; 3.963741
0.001;20;108; 47; 4.309348
0.001;20;109; 83; 3.607435
0.001;20;37; 13; 6.347192
0.001;20;49; 37; 6.881807
0.001;20;58; 49; 6.982783
0.001;20;47; 28; 7.002844
0.001;20;83; 58; 7.825004
0.001;21;110; 37; 3.507689
0.001;21;111; 49; 2.816497
0.001;21;112; 58; 4.6711
0.001;21;113; 47; 4.318186
0.001;21;114; 83; 3.746938
0.001;21;37; 13; 6.347192
0.001;21;49; 37; 6.881807
0.001;21;58; 49; 6.982783
0.001;21;47; 28; 7.002844
0.001;21;83; 58; 7.825004
0.001;22;115; 37; 4.706411
0.001;22;116; 49; 3.900524
0.001;22;117; 58; 2.680799
0.001;22;118; 47; 2.671757
0.001;22;119; 83; 3.614974
0.001;22;37; 13; 6.347192
0.001;22;49; 37; 6.881807
0.001;22;58; 49; 6.982783
0.001;22;47; 28; 7.002844
0.001;22;83; 58; 7.825004
0.001;23;120; 37; 4.5224
0.001;23;121; 49; 6.189403
0.001;23;122; 58; 2.544206
0.001;23;123; 47; 1.994898
0.001;23;124; 83; 2.974686
0.001;23;37; 13; 6.347192
0.001;23;49; 37; 6.881807
0.001;23;58; 49; 6.982783
0.001;23;47; 28; 7.002844
0.001;23;83; 58; 7.825004
0.001;24;125; 37; 5.85664
0.001;24;126; 49; 2.318141
0.001;24;127; 58; 2.346406
0.001;24;128; 47; 2.859272
0.001;24;129; 83; 3.928508
0.001;24;37; 13; 6.347192
0.001;24;49; 37; 6.881807
0.001;24;58; 49; 6.982783
0.001;24;47; 28; 7.002844
0.001;24;83; 58; 7.825004
0.001;25;130; 37; 4.066806
0.001;25;131; 49; 4.703774
0.001;25;132; 58; 4.599258
0.001;25;133; 47; 3.624797
0.001;25;134; 83; 3.700983
0.001;25;37; 13; 6.347192
0.001;25;49; 37; 6.881807
0.001;25;58; 49; 6.982783
0.001;25;47; 28; 7.002844
0.001;25;83; 58; 7.825004
0.001;26;135; 37; 1.808459
0.001;26;136; 49; 1.433812
0.001;26;137; 58; 5.471314
0.001;26;138; 47; 1.159822
0.001;26;139; 83; 3.322044
0.001;26;37; 13; 6.347192
0.001;26;49; 37; 6.881807
0.001;26;58; 49; 6.982783
0.001;26;47; 28; 7.002844
0.001;26;83; 58; 7.825004
0.001;27;140; 37; 2.274251
0.001;27;141; 49; 2.68626
0.001;27;142; 58; 2.01092
0.001;27;143; 47; 2.444546
0.001;27;144; 83; 6.325809
0.001;27;37; 13; 6.347192
0.001;27;49; 37; 6.881807
0.001;27;58; 49; 6.982783
0.001;27;47; 28; 7.002844
0.001;27;83; 58; 7.825004
0.001;28;145; 37; 3.11985
0.001;28;146; 49; 3.391258
0.001;28;147; 58; 2.676597
0.001;28;148; 47; 2.130176
0.001;28;149; 83; 4.95915
0.001;28;37; 13; 6.347192
0.001;28;49; 37; 6.881807
0.001;28;58; 49; 6.982783
0.001;28;47; 28; 7.002844
0.001;28;83; 58; 7.825004
0.001;29;150; 37; 6.222215
0.001;29;151; 49; 2.5167
0.001;29;152; 58; 2.31627
0.001;29;153; 47; 5.461617
0.001;29;154; 83; 5.463143
0.001;29;37; 13; 6.347192
0.001;29;49; 37; 6.881807
0.001;29;58; 49; 6.982783
0.001;29;47; 28; 7.002844
0.001;29;83; 58; 7.825004
0.001;30;155; 37; 4.521822
0.001;30;156; 49; 4.548295
0.001;30;157; 58; 2.05035
0.001;30;158; 47; 6.489666
0.001;30;159; 83; 2.744677
0.001;30;37; 13; 6.347192
0.001;30;49; 37; 6.881807
0.001;30;58; 49; 6.982783
0.001;30;47; 28; 7.002844
0.001;30;83; 58; 7.825004
0.001;31;160; 158; 4.459054
0.001;31;161; 49; 2.368949
0.001;31;162; 58; 1.815094
0.001;31;163; 47; 0.9196519
0.001;31;164; 83; 2.400031
0.001;31;158; 47; 6.489666
0.001;31;49; 37; 6.881807
0.001;31;58; 49; 6.982783
0.001;31;47; 28; 7.002844
0.001;31;83; 58; 7.825004
0.001;32;165; 158; 3.619659
0.001;32;166; 49; 4.796901
0.001;32;167; 58; 4.987646
0.001;32;168; 47; 4.71678
0.001;32;169; 83; 2.668142
0.001;32;158; 47; 6.489666
0.001;32;49; 37; 6.881807
0.001;32;58; 49; 6.982783
0.001;32;47; 28; 7.002844
0.001;32;83; 58; 7.825004
0.001;33;170; 158; 5.098884
0.001;33;171; 49; 1.987149
0.001;33;172; 58; 5.977946
0.001;33;173; 47; 2.482026
0.001;33;174; 83; 2.48381
0.001;33;158; 47; 6.489666
0.001;33;49; 37; 6.881807
0.001;33;58; 49; 6.982783
0.001;33;47; 28; 7.002844
0.001;33;83; 58; 7.825004
0.001;34;175; 158; 5.159389
0.001;34;176; 49; 5.085139
0.001;34;177; 58; 3.982906
0.001;34;178; 47; 2.533227
0.001;34;179; 83; 0.7466668
0.001;34;158; 47; 6.489666
0.001;34;49; 37; 6.881807
0.001;34;58; 49; 6.982783
0.001;34;47; 28; 7.002844
0.001;34;83; 58; 7.825004
0.001;35;180; 158; 4.166007
0.001;35;181; 49; 3.350784
0.001;35;182; 58; 5.802281
0.001;35;183; 47; 4.696542
0.001;35;184; 83; 5.675174
0.001;35;158; 47; 6.489666
0.001;35;49; 37; 6.881807
0.001;35;58; 49; 6.982783
0.001;35;47; 28; 7.002844
0.001;35;83; 58; 7.825004
0.001;36;185; 158; 4.508778
0.001;36;186; 49; 4.252854
0.001;36;187; 58; 3.681776
0.001;36;188; 47; 2.659477
0.001;36;189; 83; 3.035433
0.001;36;158; 47; 6.489666
0.001;36;49; 37; 6.881807
0.001;36;58; 49; 6.982783
0.001;36;47; 28; 7.002844
0.001;36;83; 58; 7.825004
0.001;37;190; 158; 4.524118
0.001;37;191; 49; 4.754963
0.001;37;192; 58; 4.370153
0.001;37;193; 47; 2.57145
0.001;37;194; 83; 4.517245
0.001;37;158; 47; 6.489666
0.001;37;49; 37; 6.881807
0.001;37;58; 49; 6.982783
0.001;37;47; 28; 7.002844
0.001;37;83; 58; 7.825004
0.001;38;195; 158; 2.471746
0.001;38;196; 49; 4.469396
0.001;38;197; 58; 1.694243
0.001;38;198; 47; 2.188405
0.001;38;199; 83; 2.393299
0.001;38;158; 47; 6.489666
0.001;38;49; 37; 6.881807
0.001;38;58; 49; 6.982783
0.001;38;47; 28; 7.002844
0.001;38;83; 58; 7.825004
0.001;39;200; 158; 4.091027
0.001;39;201; 49; 3.348312
0.001;39;202; 58; 1.61673
0.001;39;203; 47; 2.378375
0.001;39;204; 83; 2.802321
0.001;39;158; 47; 6.489666
0.001;39;49; 37; 6.881807
0.001;39;58; 49; 6.982783
0.001;39;47; 28; 7.002844
0.001;39;83; 58; 7.825004
0.001;40;205; 158; 2.405925
0.001;40;206; 49; 2.737427
0.001;40;207; 58; 5.92192
0.001;40;208; 47; 2.080639
0.001;40;209; 83; 3.795162
0.001;40;158; 47; 6.489666
0.001;40;49; 37; 6.881807
0.001;40;58; 49; 6.982783
0.001;40;47; 28; 7.002844
0.001;40;83; 58; 7.825004
0.001;41;210; 158; 3.300344
0.001;41;211; 49; 3.49764
0.001;41;212; 58; 2.187129
0.001;41;213; 47; 4.037838
0.001;41;214; 83; 3.472711
0.001;41;158; 47; 6.489666
0.001;41;49; 37; 6.881807
0.001;41;58; 49; 6.982783
0.001;41;47; 28; 7.002844
0.001;41;83; 58; 7.825004
0.001;42;215; 158; 5.864256
0.001;42;216; 49; 2.312125
0.001;42;217; 58; 4.715748
0.001;42;218; 47; 2.48333
0.001;42;219; 83; 2.815227
0.001;42;158; 47; 6.489666
0.001;42;49; 37; 6.881807
0.001;42;58; 49; 6.982783
0.001;42;47; 28; 7.002844
0.001;42;83; 58; 7.825004
0.001;43;220; 158; 3.992958
0.001;43;221; 49; 4.420598
0.001;43;222; 58; 3.219357
0.001;43;223; 47; 4.166082
0.001;43;224; 83; 2.176517
0.001;43;158; 47; 6.489666
0.001;43;49; 37; 6.881807
0.001;43;58; 49; 6.982783
0.001;43;47; 28; 7.002844
0.001;43;83; 58; 7.825004
0.001;44;225; 158; 4.504405
0.001;44;226; 49; 3.565175
0.001;44;227; 58; 5.301164
0.001;44;228; 47; 4.475651
0.001;44;229; 83; 3.390271
0.001;44;158; 47; 6.489666
0.001;44;49; 37; 6.881807
0.001;44;58; 49; 6.982783
0.001;44;47; 28; 7.002844
0.001;44;83; 58; 7.825004
0.001;45;230; 158; 3.995882
0.001;45;231; 49; 2.233467
0.001;45;232; 58; 4.352308
0.001;45;233; 47; 4.131774
0.001;45;234; 83; 2.015927
0.001;45;158; 47; 6.489666
0.001;45;49; 37; 6.881807
0.001;45;58; 49; 6.982783
0.001;45;47; 28; 7.002844
0.001;45;83; 58; 7.825004
0.001;46;235; 158; 1.947908
0.001;46;236; 49; 4.212048
0.001;46;237; 58; 5.920083
0.001;46;238; 47; 4.685092
0.001;46;239; 83; 2.024065
0.001;46;158; 47; 6.489666
0.001;46;49; 37; 6.881807
0.001;46;58; 49; 6.982783
0.001;46;47; 28; 7.002844
0.001;46;83; 58; 7.825004
0.001;47;240; 158; 2.683504
0.001;47;241; 49; 2.319207
0.001;47;242; 58; 3.904675
0.001;47;243; 47; 3.841892
0.001;47;244; 83; 5.141836
0.001;47;158; 47; 6.489666
0.001;47;49; 37; 6.881807
0.001;47;58; 49; 6.982783
0.001;47;47; 28; 7.002844
0.001;47;83; 58; 7.825004
0.001;48;245; 158; 2.048445
0.001;48;246; 49; 5.529999
0.001;48;247; 58; 6.91595
0.001;48;248; 47; 3.451995
0.001;48;249; 83; 2.544914
0.001;48;158; 47; 6.489666
0.001;48;49; 37; 6.881807
0.001;48;58; 49; 6.982783
0.001;48;47; 28; 7.002844
0.001;48;83; 58; 7.825004
0.001;49;250; 49; 3.697731
0.001;49;251; 247; 7.27595
0.001;49;252; 58; 2.419424
0.001;49;253; 47; 5.445619
0.001;49;254; 83; 1.320416
0.001;49;49; 37; 6.881807
0.001;49;247; 58; 6.91595
0.001;49;58; 49; 6.982783
0.001;49;47; 28; 7.002844
0.001;49;83; 58; 7.825004
0.001;50;255; 247; 6.397388
0.001;50;256; 58; 3.592381
0.001;50;257; 47; 6.548118
0.001;50;258; 251; 2.807767
0.001;50;259; 83; 2.790526
0.001;50;247; 58; 6.91595
0.001;50;58; 49; 6.982783
0.001;50;47; 28; 7.002844
0.001;50;251; 247; 7.27595
0.001;50;83; 58; 7.825004
0.001;51;260; 247; 4.346424
0.001;51;261; 58; 4.155914
0.001;51;262; 47; 5.581152
0.001;51;263; 251; 4.118435
0.001;51;264; 83; 2.51478
0.001;51;247; 58; 6.91595
0.001;51;58; 49; 6.982783
0.001;51;47; 28; 7.002844
0.001;51;251; 247; 7.27595
0.001;51;83; 58; 7.825004
0.001;52;265; 247; 3.667606
0.001;52;266; 58; 2.252038
0.001;52;267; 47; 3.045738
0.001;52;268; 251; 4.945242
0.001;52;269; 83; 7.161561
0.001;52;247; 58; 6.91595
0.001;52;58; 49; 6.982783
0.001;52;47; 28; 7.002844
0.001;52;251; 247; 7.27595
0.001;52;83; 58; 7.825004
0.001;53;270; 58; 2.953622
0.001;53;271; 47; 4.443532
0.001;53;272; 269; 4.56121
0.001;53;273; 251; 4.476592
0.001;53;274; 83; 0.9241777
0.001;53;58; 49; 6.982783
0.001;53;47; 28; 7.002844
0.001;53;269; 83; 7.161561
0.001;53;251; 247; 7.27595
0.001;53;83; 58; 7.825004
0.001;54;275; 58; 2.768991
0.001;54;276; 47; 3.808629
0.001;54;277; 269; 3.187039
0.001;54;278; 251; 3.30531
0.001;54;279; 83; 2.142539
0.001;54;58; 49; 6.982783
0.001;54;47; 28; 7.002844
0.001;54;269; 83; 7.161561
0.001;54;251; 247; 7.27595
0.001;54;83; 58; 7.825004
0.001;55;280; 58; 5.92265
0.001;55;281; 47; 2.704163
0.001;55;282; 269; 4.28819
0.001;55;283; 251; 3.925393
0.001;55;284; 83; 2.998802
0.001;55;58; 49; 6.982783
0.001;55;47; 28; 7.002844
0.001;55;269; 83; 7.161561
0.001;55;251; 247; 7.27595
0.001;55;83; 58; 7.825004
0.001;56;285; 58; 6.180686
0.001;56;286; 47; 3.622338
0.001;56;287; 269; 2.788068
0.001;56;288; 251; 5.770762
0.001;56;289; 83; 2.481422
0.001;56;58; 49; 6.982783
0.001;56;47; 28; 7.002844
0.001;56;269; 83; 7.161561
0.001;56;251; 247; 7.27595
0.001;56;83; 58; 7.825004
0.001;57;290; 58; 5.219536
0.001;57;291; 47; -0.3502202
0.001;57;292; 269; 2.544072
0.001;57;293; 251; 6.199799
0.001;57;294; 83; 4.492621
0.001;57;58; 49; 6.982783
0.001;57;47; 28; 7.002844
0.001;57;269; 83; 7.161561
0.001;57;251; 247; 7.27595
0.001;57;83; 58; 7.825004
0.001;58;295; 58; 5.814039
0.001;58;296; 47; 3.691498
0.001;58;297; 269; 4.321104
0.001;58;298; 251; 4.23244
0.001;58;299; 83; 3.821567
0.001;58;58; 49; 6.982783
0.001;58;47; 28; 7.002844
0.001;58;269; 83; 7.161561
0.001;58;251; 247; 7.27595
0.001;58;83; 58; 7.825004
0.001;59;300; 58; 2.620834
0.001;59;301; 47; 6.100684
0.001;59;302; 269; 5.120433
0.001;59;303; 251; 5.245054
0.001;59;304; 83; 3.793375
0.001;59;58; 49; 6.982783
0.001;59;47; 28; 7.002844
0.001;59;269; 83; 7.161561
0.001;59;251; 247; 7.27595
0.001;59;83; 58; 7.825004
0.001;60;305; 58; 6.669881
0.001;60;306; 47; 3.268604
0.001;60;307; 269; 4.365106
0.001;60;308; 251; 3.816348
0.001;60;309; 83; 2.563924
0.001;60;58; 49; 6.982783
0.001;60;47; 28; 7.002844
0.001;60;269; 83; 7.161561
0.001;60;251; 247; 7.27595
0.001;60;83; 58; 7.825004
0.001;61;310; 58; 2.178069
0.001;61;311; 47; 3.786115
0.001;61;312; 269; 4.976073
0.001;61;313; 251; 5.235707
0.001;61;314; 83; 2.209529
0.001;61;58; 49; 6.982783
0.001;61;47; 28; 7.002844
0.001;61;269; 83; 7.161561
0.001;61;251; 247; 7.27595
0.001;61;83; 58; 7.825004
0.001;62;315; 58; 3.395605
0.001;62;316; 47; 4.020515
0.001;62;317; 269; 6.118009
0.001;62;318; 251; 4.749157
0.001;62;319; 83; 3.618864
0.001;62;58; 49; 6.982783
0.001;62;47; 28; 7.002844
0.001;62;269; 83; 7.161561
0.001;62;251; 247; 7.27595
0.001;62;83; 58; 7.825004
0.001;63;320; 58; 1.444075
0.001;63;321; 47; -16.7097
0.001;63;322; 269; 4.480088
0.001;63;323; 251; 3.711848
0.001;63;324; 83; 4.025912
0.001;63;58; 49; 6.982783
0.001;63;47; 28; 7.002844
0.001;63;269; 83; 7.161561
0.001;63;251; 247; 7.27595
0.001;63;83; 58; 7.825004
0.001;64;325; 58; 2.670591
0.001;64;326; 47; 4.615538
0.001;64;327; 269; 4.866003
0.001;64;328; 251; 6.660872
0.001;64;329; 83; 4.301359
0.001;64;58; 49; 6.982783
0.001;64;47; 28; 7.002844
0.001;64;269; 83; 7.161561
0.001;64;251; 247; 7.27595
0.001;64;83; 58; 7.825004
0.001;65;330; 58; 6.521384
0.001;65;331; 47; 2.87123
0.001;65;332; 269; 2.829046
0.001;65;333; 251; 3.978955
0.001;65;334; 83; 3.79175
0.001;65;58; 49; 6.982783
0.001;65;47; 28; 7.002844
0.001;65;269; 83; 7.161561
0.001;65;251; 247; 7.27595
0.001;65;83; 58; 7.825004
0.001;66;335; 58; 2.982695
0.001;66;336; 47; 2.959957
0.001;66;337; 269; 5.773542
0.001;66;338; 251; 3.484593
0.001;66;339; 83; 2.916759
0.001;66;58; 49; 6.982783
0.001;66;47; 28; 7.002844
0.001;66;269; 83; 7.161561
0.001;66;251; 247; 7.27595
0.001;66;83; 58; 7.825004
0.001;67;340; 58; 2.24266
0.001;67;341; 47; 3.708248
0.001;67;342; 269; 3.808916
0.001;67;343; 251; 6.830099
0.001;67;344; 83; 4.04011
0.001;67;58; 49; 6.982783
0.001;67;47; 28; 7.002844
0.001;67;269; 83; 7.161561
0.001;67;251; 247; 7.27595
0.001;67;83; 58; 7.825004
0.001;68;345; 58; 2.099587
0.001;68;346; 47; 2.542924
0.001;68;347; 269; 5.952365
0.001;68;348; 251; 4.420762
0.001;68;349; 83; 5.605265
0.001;68;58; 49; 6.982783
0.001;68;47; 28; 7.002844
0.001;68;269; 83; 7.161561
0.001;68;251; 247; 7.27595
0.001;68;83; 58; 7.825004
0.001;69;350; 58; 3.790678
0.001;69;351; 47; 3.595975
0.001;69;352; 269; 4.950646
0.001;69;353; 251; 2.352598
0.001;69;354; 83; 1.888116
0.001;69;58; 49; 6.982783
0.001;69;47; 28; 7.002844
0.001;69;269; 83; 7.161561
0.001;69;251; 247; 7.27595
0.001;69;83; 58; 7.825004
0.001;70;355; 58; 5.256907
0.001;70;356; 47; 2.941653
0.001;70;357; 269; 3.580456
0.001;70;358; 251; 3.423828
0.001;70;359; 83; 6.034468
0.001;70;58; 49; 6.982783
0.001;70;47; 28; 7.002844
0.001;70;269; 83; 7.161561
0.001;70;251; 247; 7.27595
0.001;70;83; 58; 7.825004
0.001;71;360; 58; 4.467096
0.001;71;361; 47; 5.722416
0.001;71;362; 269; 3.126053
0.001;71;363; 251; 3.511271
0.001;71;364; 83; 3.598586
0.001;71;58; 49; 6.982783
0.001;71;47; 28; 7.002844
0.001;71;269; 83; 7.161561
0.001;71;251; 247; 7.27595
0.001;71;83; 58; 7.825004
0.001;72;365; 58; 4.599594
0.001;72;366; 47; 5.76051
0.001;72;367; 269; 4.096438
0.001;72;368; 251; 3.970728
0.001;72;369; 83; 3.765778
0.001;72;58; 49; 6.982783
0.001;72;47; 28; 7.002844
0.001;72;269; 83; 7.161561
0.001;72;251; 247; 7.27595
0.001;72;83; 58; 7.825004
0.001;73;370; 58; 6.089444
0.001;73;371; 47; 6.182293
0.001;73;372; 269; 3.173755
0.001;73;373; 251; 4.221631
0.001;73;374; 83; 3.777287
0.001;73;58; 49; 6.982783
0.001;73;47; 28; 7.002844
0.001;73;269; 83; 7.161561
0.001;73;251; 247; 7.27595
0.001;73;83; 58; 7.825004
0.001;74;375; 58; 2.414514
0.001;74;376; 47; 3.720094
0.001;74;377; 269; 2.717372
0.001;74;378; 251; 2.722988
0.001;74;379; 83; 2.627833
0.001;74;58; 49; 6.982783
0.001;74;47; 28; 7.002844
0.001;74;269; 83; 7.161561
0.001;74;251; 247; 7.27595
0.001;74;83; 58; 7.825004
0.001;75;380; 58; 4.761005
0.001;75;381; 47; 7.152009
0.001;75;382; 269; 2.053821
0.001;75;383; 251; 4.16344
0.001;75;384; 83; 1.851226
0.001;75;58; 49; 6.982783
0.001;75;47; 28; 7.002844
0.001;75;269; 83; 7.161561
0.001;75;251; 247; 7.27595
0.001;75;83; 58; 7.825004
0.001;76;385; 47; 4.396587
0.001;76;386; 381; 3.477195
0.001;76;387; 269; 5.671583
0.001;76;388; 251; 0.9460748
0.001;76;389; 83; 4.473983
0.001;76;47; 28; 7.002844
0.001;76;381; 47; 7.152009
0.001;76;269; 83; 7.161561
0.001;76;251; 247; 7.27595
0.001;76;83; 58; 7.825004
0.001;77;390; 47; 5.095811
0.001;77;391; 381; 3.184873
0.001;77;392; 269; 0.9368204
0.001;77;393; 251; 5.666663
0.001;77;394; 83; 2.172139
0.001;77;47; 28; 7.002844
0.001;77;381; 47; 7.152009
0.001;77;269; 83; 7.161561
0.001;77;251; 247; 7.27595
0.001;77;83; 58; 7.825004
0.001;78;395; 47; 2.907386
0.001;78;396; 381; 3.838186
0.001;78;397; 269; 6.399844
0.001;78;398; 251; 3.261308
0.001;78;399; 83; 3.937374
0.001;78;47; 28; 7.002844
0.001;78;381; 47; 7.152009
0.001;78;269; 83; 7.161561
0.001;78;251; 247; 7.27595
0.001;78;83; 58; 7.825004
0.001;79;400; 47; 5.275243
0.001;79;401; 381; 7.430544
0.001;79;402; 269; 0.7651609
0.001;79;403; 251; 2.909366
0.001;79;404; 83; 3.746718
0.001;79;47; 28; 7.002844
0.001;79;381; 47; 7.152009
0.001;79;269; 83; 7.161561
0.001;79;251; 247; 7.27595
0.001;79;83; 58; 7.825004
0.001;80;405; 381; 3.17144
0.001;80;406; 269; 3.052217
0.001;80;407; 251; 3.613398
0.001;80;408; 401; 3.814424
0.001;80;409; 83; 5.105711
0.001;80;381; 47; 7.152009
0.001;80;269; 83; 7.161561
0.001;80;251; 247; 7.27595
0.001;80;401; 381; 7.430544
0.001;80;83; 58; 7.825004
0.001;81;410; 381; 3.302501
0.001;81;411; 269; 3.398525
0.001;81;412; 251; 4.442197
0.001;81;413; 401; 2.950488
0.001;81;414; 83; 3.264998
0.001;81;381; 47; 7.152009
0.001;81;269; 83; 7.161561
0.001;81;251; 247; 7.27595
0.001;81;401; 381; 7.430544
0.001;81;83; 58; 7.825004
0.001;82;415; 381; 4.476426
0.001;82;416; 269; 2.830906
0.001;82;417; 251; 2.710478
0.001;82;418; 401; 0.9665889
0.001;82;419; 83; 4.004852
0.001;82;381; 47; 7.152009
0.001;82;269; 83; 7.161561
0.001;82;251; 247; 7.27595
0.001;82;401; 381; 7.430544
0.001;82;83; 58; 7.825004
0.001;83;420; 381; 7.37153
0.001;83;421; 269; 6.243255
0.001;83;422; 251; 2.284864
0.001;83;423; 401; 3.97841
0.001;83;424; 83; 5.879208
0.001;83;381; 47; 7.152009
0.001;83;269; 83; 7.161561
0.001;83;251; 247; 7.27595
0.001;83;401; 381; 7.430544
0.001;83;83; 58; 7.825004
0.001;84;425; 269; 3.663861
0.001;84;426; 251; 5.802633
0.001;84;427; 420; 3.31459
0.001;84;428; 401; 4.992198
0.001;84;429; 83; 5.145459
0.001;84;269; 83; 7.161561
0.001;84;251; 247; 7.27595
0.001;84;420; 381; 7.37153
0.001;84;401; 381; 7.430544
0.001;84;83; 58; 7.825004
0.001;85;430; 269; 3.520241
0.001;85;431; 251; 2.478081
0.001;85;432; 420; 4.812041
0.001;85;433; 401; 5.367652
0.001;85;434; 83; 4.592355
0.001;85;269; 83; 7.161561
0.001;85;251; 247; 7.27595
0.001;85;420; 381; 7.37153
0.001;85;401; 381; 7.430544
0.001;85;83; 58; 7.825004
0.001;86;435; 269; 2.564962
0.001;86;436; 251; 4.297806
0.001;86;437; 420; 2.505123
0.001;86;438; 401; 1.150583
0.001;86;439; 83; 3.709594
0.001;86;269; 83; 7.161561
0.001;86;251; 247; 7.27595
0.001;86;420; 381; 7.37153
0.001;86;401; 381; 7.430544
0.001;86;83; 58; 7.825004
0.001;87;440; 269; 2.168275
0.001;87;441; 251; 5.614643
0.001;87;442; 420; 1.442256
0.001;87;443; 401; 4.200682
0.001;87;444; 83; 4.264586
0.001;87;269; 83; 7.161561
0.001;87;251; 247; 7.27595
0.001;87;420; 381; 7.37153
0.001;87;401; 381; 7.430544
0.001;87;83; 58; 7.825004
0.001;88;445; 269; 2.474081
0.001;88;446; 251; 2.503901
0.001;88;447; 420; 4.390366
0.001;88;448; 401; 4.065871
0.001;88;449; 83; 3.085933
0.001;88;269; 83; 7.161561
0.001;88;251; 247; 7.27595
0.001;88;420; 381; 7.37153
0.001;88;401; 381; 7.430544
0.001;88;83; 58; 7.825004
0.001;89;450; 269; 2.670795
0.001;89;451; 251; 1.200044
0.001;89;452; 420; 4.620058
0.001;89;453; 401; 2.738592
0.001;89;454; 83; 2.20985
0.001;89;269; 83; 7.161561
0.001;89;251; 247; 7.27595
0.001;89;420; 381; 7.37153
0.001;89;401; 381; 7.430544
0.001;89;83; 58; 7.825004
0.001;90;455; 269; 3.430572
0.001;90;456; 251; 3.666932
0.001;90;457; 420; 2.363546
0.001;90;458; 401; 6.763534
0.001;90;459; 83; 4.005873
0.001;90;269; 83; 7.161561
0.001;90;251; 247; 7.27595
0.001;90;420; 381; 7.37153
0.001;90;401; 381; 7.430544
0.001;90;83; 58; 7.825004
0.001;91;460; 269; 3.751792
0.001;91;461; 251; 3.710712
0.001;91;462; 420; 3.217546
0.001;91;463; 401; 3.961193
0.001;91;464; 83; 3.987611
0.001;91;269; 83; 7.161561
0.001;91;251; 247; 7.27595
0.001;91;420; 381; 7.37153
0.001;91;401; 381; 7.430544
0.001;91;83; 58; 7.825004
0.001;92;465; 269; 3.903281
0.001;92;466; 251; 2.122469
0.001;92;467; 420; 4.746655
0.001;92;468; 401; 4.957104
0.001;92;469; 83; 1.915103
0.001;92;269; 83; 7.161561
0.001;92;251; 247; 7.27595
0.001;92;420; 381; 7.37153
0.001;92;401; 381; 7.430544
0.001;92;83; 58; 7.825004
0.001;93;470; 269; 4.033702
0.001;93;471; 251; 3.608886
0.001;93;472; 420; 5.051744
0.001;93;473; 401; 6.165959
0.001;93;474; 83; 2.27365
0.001;93;269; 83; 7.161561
0.001;93;251; 247; 7.27595
0.001;93;420; 381; 7.37153
0.001;93;401; 381; 7.430544
0.001;93;83; 58; 7.825004
0.001;94;475; 269; 3.617777
0.001;94;476; 251; 3.476025
0.001;94;477; 420; 4.942064
0.001;94;478; 401; 3.887236
0.001;94;479; 83; 3.934519
0.001;94;269; 83; 7.161561
0.001;94;251; 247; 7.27595
0.001;94;420; 381; 7.37153
0.001;94;401; 381; 7.430544
0.001;94;83; 58; 7.825004
0.001;95;480; 269; 2.655101
0.001;95;481; 251; 4.014031
0.001;95;482; 420; 2.584012
0.001;95;483; 401; 3.514712
0.001;95;484; 83; 1.150913
0.001;95;269; 83; 7.161561
0.001;95;251; 247; 7.27595
0.001;95;420; 381; 7.37153
0.001;95;401; 381; 7.430544
0.001;95;83; 58; 7.825004
0.001;96;485; 269; 5.58092
0.001;96;486; 251; 4.477376
0.001;96;487; 420; 2.093964
0.001;96;488; 401; 4.260478
0.001;96;489; 83; 3.669972
0.001;96;269; 83; 7.161561
0.001;96;251; 247; 7.27595
0.001;96;420; 381; 7.37153
0.001;96;401; 381; 7.430544
0.001;96;83; 58; 7.825004
0.001;97;490; 269; 3.665592
0.001;97;491; 251; 6.296643
0.001;97;492; 420; 4.108839
0.001;97;493; 401; 6.316253
0.001;97;494; 83; 2.43483
0.001;97;269; 83; 7.161561
0.001;97;251; 247; 7.27595
0.001;97;420; 381; 7.37153
0.001;97;401; 381; 7.430544
0.001;97;83; 58; 7.825004
0.001;98;495; 269; 4.345357
0.001;98;496; 251; 3.233351
0.001;98;497; 420; 4.020566
0.001;98;498; 401; 2.393601
0.001;98;499; 83; 4.887791
0.001;98;269; 83; 7.161561
0.001;98;251; 247; 7.27595
0.001;98;420; 381; 7.37153
0.001;98;401; 381; 7.430544
0.001;98;83; 58; 7.825004
0.001;99;500; 269; 1.18576
0.001;99;501; 251; 4.37726
0.001;99;502; 420; 1.102054
0.001;99;503; 401; 1.142686
0.001;99;504; 83; 2.590461
0.001;99;269; 83; 7.161561
0.001;99;251; 247; 7.27595
0.001;99;420; 381; 7.37153
0.001;99;401; 381; 7.430544
0.001;99;83; 58; 7.825004
